id,판정,화면유형,로컬파일,해상도,sha256,원본_url,출처페이지,상태,관찰내용
SHOT-001,원작 다크세이버로 판단,전투·상태창,스크린샷/darksaver_overworld.jpg,640x480,6ca5020b5190f4cff27a806b2891dea7e6ccefda8f0e76221130c7e6ed7c6221,https://ramenboii.weebly.com/uploads/4/7/7/0/47709163/3167662_orig.jpg,https://ramenboii.weebly.com/vision.html,저장됨,"한국어 UI·캐릭터 장비창·미니맵·채팅창·다수 유닛 전투"
SHOT-002,원작 다크세이버로 판단,전투·광역마법,스크린샷/darksaver_combat_magic.jpg,634x474,501120ac80c112471cf503fd778986b6ff4dfc58ddbcccb762819e4e9a86a249,https://ramenboii.weebly.com/uploads/4/7/7/0/47709163/6859572_orig.jpg,https://ramenboii.weebly.com/vision.html,저장됨,"격자 전장·다수 용병/몬스터·대규모 번개 마법·상태창·미니맵"
SHOT-003,원작 중국판 黑暗之光,스크린샷 묶음 1,없음,639x479,,https://games.sina.com.cn/downgames/jietu/images/g011622.gif,https://games.sina.com.cn/downgames/jietu/121596.shtml,원본 404,"2000-12-15 등록된 중국 시나게임 스크린샷 페이지의 첫 이미지"
SHOT-004,원작 중국판 黑暗之光,스크린샷 묶음 2,없음,640x479,,https://games.sina.com.cn/downgames/jietu/images/g011623.gif,https://games.sina.com.cn/downgames/jietu/121596.shtml,원본 404,"스크린샷 페이지에는 크기와 용량 128KB가 남아 있음"
SHOT-005,원작 중국판 黑暗之光,스크린샷 묶음 3,없음,642x480,,https://games.sina.com.cn/downgames/jietu/images/g011624.gif,https://games.sina.com.cn/downgames/jietu/121596.shtml,원본 404,"스크린샷 페이지에는 크기와 용량 132KB가 남아 있음"
SHOT-006,원작 중국판 黑暗之光,스크린샷 묶음 4,없음,641x482,,,https://games.sina.com.cn/downgames/jietu/121596.shtml,목록만 확인,"스크린샷 페이지에는 크기와 용량 136KB가 남아 있음"
SHOT-007,원작 중국판 黑暗之光,스크린샷 묶음 5,없음,642x479,,,https://games.sina.com.cn/downgames/jietu/121596.shtml,목록만 확인,"스크린샷 페이지에는 크기와 용량 116KB가 남아 있음"
SHOT-008,원작 중국판 黑暗之光,스크린샷 묶음 6,없음,642x480,,,https://games.sina.com.cn/downgames/jietu/121596.shtml,목록만 확인,"스크린샷 페이지에는 크기와 용량 101KB가 남아 있음"
SHOT-009,원작 중국판 黑暗之光,스크린샷 묶음 7,없음,642x476,,,https://games.sina.com.cn/downgames/jietu/121596.shtml,목록만 확인,"스크린샷 페이지에는 크기와 용량 114KB가 남아 있음"
SHOT-010,원작 중국판 黑暗之光,스크린샷 묶음 8,없음,640x480,,,https://games.sina.com.cn/downgames/jietu/121596.shtml,목록만 확인,"스크린샷 페이지에는 크기와 용량 138KB가 남아 있음"
SHOT-011,원작 중국판 黑暗之光,스크린샷 묶음 9,없음,640x480,,,https://games.sina.com.cn/downgames/jietu/121596.shtml,목록만 확인,"스크린샷 페이지에는 크기와 용량 172KB가 남아 있음"
