id,구분,제목,url,신뢰도,활용,비고
SRC-001,팬위키,다크세이버 온라인 게임,https://www.namu.moe/w/%EB%8B%A4%ED%81%AC%EC%84%B8%EC%9D%B4%EB%B2%84%28%EC%98%A8%EB%9D%BC%EC%9D%B8%20%EA%B2%8C%EC%9E%84%29,중간,연혁·지역·아이템·게임 구조,CC BY-NC-SA 문서이나 원작 이미지는 별도 권리
SRC-002,공식회사자료,엠게임 매체소개서 2010,https://image.mgame.com/banner/mgame_corp_data/mgame_media_proposal_201006_ver1.0.pdf,높음,회사·서비스 연혁,세부 게임 정보는 제한적
SRC-003,공식회사자료,엠게임 IR 자료 2012,https://image.mgame.com/corp_2008/ir/mgame_file_2012.pdf,높음,다크세이버 개발·서비스 이력,기업 홍보자료
SRC-004,개인블로그,다크세이버 닥세월드 자료 수집 - 알 수 없는 아이템,https://lastlangrisser.tistory.com/m/71,낮음,아이템과 스킬 이미지 단서,접근 오류 가능·원본 이미지 권리 불명
SRC-005,개인블로그,추억의 게임 다크세이버,https://gcoco1.tistory.com/3,낮음,스크린샷 단서와 회고,텍스트 기반 게임이라는 설명은 다른 자료와 충돌
SRC-006,타사공시,웹젠 사업설명서 2003,https://company.webzen.com/Files/%EC%9B%B9%EC%A0%A0_%EC%82%AC%EC%97%85%EC%84%A4%EB%AA%85%EC%84%9C%20%28%EC%A3%BC%EC%8B%9D%29_20030507.pdf,높음,당시 다크세이버 요금·시장 자료,171쪽 대형 PDF
SRC-007,팬위키미러,다크세이버 온라인 게임 우만위키 미러,https://tcatmon.com/wiki/%EB%8B%A4%ED%81%AC%EC%84%B8%EC%9D%B4%EB%B2%84%28%EC%98%A8%EB%9D%BC%EC%9D%B8_%EA%B2%8C%EC%9E%84%29,낮음,과거 서술 비교,SRC-001과 상당 부분 중복
SRC-008,중국게임매체,黑暗之光 게임 소개,https://games.sina.com.cn/zhuanqu/darksaver/dark_intro.shtml,중간~높음,중국판 명칭·개발사·중국어 지원·게임 구조,당시 시나게임 자료
SRC-009,중국게임매체,遭遇Darksaver 黑暗之光 체험기,https://games.sina.com.cn/handbook/0012/12265910.shtml,중간,중국판 실제 이용 및 공략 자료 존재 확인,이용자 체험기
SRC-010,중국언론,중국 온라인게임 12년 회고,https://tech.sina.com.cn/s/2012-09-18/08227627927.shtml,중간,중국 초기 수입 온라인게임으로서 위치,후대 회고 기사
SRC-011,중국게임자료,黑暗之光 명령어 자료,https://3g.ali213.net/gl/html/1208.html,중간,중국어 현지화 명령 체계,2001-03-27 작성 기록
SRC-012,대만상표자료,黑暗之光 Dark Saver 상표,https://www.findcompany.com.tw/trademark/00151082_089802361,중간~높음,대만 사업자 協倫科技와 현지명 확인,등록일 2001-10-16
SRC-013,대만게임매체,因思銳許你一個流星物語Online,https://gnn.gamer.com.tw/detail.php?sn=7433,높음,후속작 NeoDarksaver 대만 서비스와 원작 계보 구분,2002-12-24 기사
SRC-014,영문게임DB,Dark Saver 1998 Korean strategy MMORPG,https://mmofinder.com/games/dark-saver/,낮음~중간,영문 검색 접근점과 중국·대만 진출 교차 확인,수동 검증이 필요한 현대 카탈로그
SRC-015,중국어권회고,台湾电子游戏史 五 互联网狂潮,https://www.sohu.com/a/650545995_485902,중간,대만 대리사와 중국 본토 대리사 단서,후대 2차 자료
SRC-016,중국게임아카이브,黑暗之光 게임 스크린샷 1,https://games.sina.com.cn/downgames/jietu/121596.shtml,높음,2000년 중국판 스크린샷 9장 목록,이미지 원본 일부 404
SRC-017,개인포트폴리오,Vision - Darksaver screenshots,https://ramenboii.weebly.com/vision.html,중간~높음,원작 전투 및 마법 화면 2장,연도 표기는 다른 자료와 불일치하나 화면은 한국어 원작으로 식별
